annee;chaine;nombre
2001;France 2;62457
2001;TF1;57765
2001;France 3;48922
2001;M6;36802
2001;Canal +;31280
2001;La Cinquième;28557
2001;ARTE;13883
2001;La Chaîne Info;438
2001;Chasse et pêche;13
2001;MCM;5
2001;Mezzo;3
2001;Encyclopedia;2
2001;Planète;2
2001;histoire;2
2001;AB Moteurs;1
2001;Canal J;1
2001;Euronews;1
2001;Match Tv;1
2001;Monte Carlo TMC;1
2001;Multichaînes;1
2001;TPS Star;1
2001;TV5 France Belgique Suisse;1
2001;TV5MONDE;1
2001;Virdys;1
2002;France 2;72618
2002;TF1;56788
2002;France 3;54417
2002;M6;37028
2002;Canal +;32610
2002;France 5;25101
2002;Canal J;18008
2002;TV5 France Belgique Suisse;17498
2002;La Chaîne Info;17385
2002;Série Club;15101
2002;ARTE;14610
2002;Canal Jimmy;12079
2002;Paris Première;11074
2002;Monte Carlo TMC;10296
2002;Planète;9843
2002;RTL 9;8252
2002;MCM;8109
2002;Eurosport France;7641
2002;Euronews;914
2002;La Cinquième;425
2002;I>TELE;87
2002;Sport +;10
2002;Escales;5
2002;Chasse et pêche;3
2002;Mezzo;2
2002;Multichaînes;2
2002;Encyclopedia;1
2002;Equidia;1
2002;RTR Planeta;1
2003;France 2;74360
2003;France 3;56760
2003;TF1;56221
2003;M6;37762
2003;Canal +;33614
2003;France 5;31621
2003;La Chaîne Info;26168
2003;Canal J;17646
2003;ARTE;17148
2003;TV5 France Belgique Suisse;17003
2003;Canal Jimmy;12709
2003;Série Club;11767
2003;Monte Carlo TMC;11260
2003;Paris Première;10036
2003;Planète;9870
2003;Télétoon;8858
2003;RTL 9;7960
2003;MCM;7911
2003;Eurosport France;7708
2003;Demain !;6606
2003;Chasse et pêche;5391
2003;Mangas;5138
2003;Equidia;5104
2003;Encyclopedia;4466
2003;Animaux;3745
2003;Escales;3459
2003;AB Moteurs;3398
2003;Mezzo;3374
2003;13ème Rue;3190
2003;Toute l'Histoire;3057
2003;Seasons;2937
2003;histoire;2623
2003;Fun TV;2141
2003;Sport +;2088
2003;Teva;1968
2003;RFM TV;1944
2003;Public Sénat;1943
2003;Festival;1662
2003;La chaine parlementaire Assemblée Nationale;1427
2003;La chaîne Météo;488
2003;Euronews;366
2003;Al Jazeera;131
2003;Al Alam News Channel;1
2003;Al Arabiya;1
2003;Al Etejah;1
2003;XXL;1
2004;France 2;74818
2004;France 3;56863
2004;TF1;54791
2004;France 5;36463
2004;M6;36195
2004;Canal +;30727
2004;La Chaîne Info;26284
2004;Télétoon;23034
2004;Canal J;19841
2004;Demain !;19786
2004;ARTE;18157
2004;Mangas;16618
2004;Chasse et pêche;15869
2004;TV5 France Belgique Suisse;15804
2004;Equidia;13803
2004;Encyclopedia;12553
2004;Série Club;11996
2004;Animaux;11123
2004;Monte Carlo TMC;10642
2004;Mezzo;10631
2004;Escales;10405
2004;Canal Jimmy;10019
2004;AB Moteurs;9910
2004;Planète;9696
2004;13ème Rue;9273
2004;MCM;8897
2004;histoire;8578
2004;Toute l'Histoire;8425
2004;Paris Première;8379
2004;Seasons;8220
2004;RTL 9;7709
2004;Eurosport France;7614
2004;Public Sénat;6309
2004;Fun TV;6224
2004;Teva;6063
2004;La chaine parlementaire Assemblée Nationale;5824
2004;RFM TV;5813
2004;Sport +;5646
2004;Festival;4766
2004;La chaîne Météo;1797
2004;Pink TV;896
2004;Euronews;375
2004;Al Manar;53
2004;Al Alam News Channel;22
2004;BK TV Sat;13
2004;Al Jazeera;11
2004;Al Arabiya;9
2004;Al Etejah;2
2004;XXL;2
2004;AB1;1
2004;Divers fonds vidéo;1
2004;Multichaînes;1
2004;Voyage;1
2005;France 2;76137
2005;France 3;56221
2005;TF1;54651
2005;M6;38032
2005;France 5;33865
2005;Canal +;30119
2005;Canal J;25647
2005;Télétoon;24845
2005;Demain !;23430
2005;La Chaîne Info;19741
2005;ARTE;18573
2005;I>TELE;18489
2005;Mangas;17738
2005;TV5 France Belgique Suisse;17219
2005;Chasse et pêche;15655
2005;Encyclopedia;12480
2005;Série Club;11655
2005;AB1;11287
2005;Canal Jimmy;11221
2005;Monte Carlo TMC;10821
2005;Animaux;10703
2005;Equidia;10215
2005;Mezzo;10095
2005;Planète;10021
2005;Escales;9723
2005;AB Moteurs;9634
2005;NT1;9485
2005;histoire;9357
2005;Paris Première;8671
2005;13ème Rue;8590
2005;MCM;8476
2005;Toute l'Histoire;8355
2005;RTL 9;8022
2005;Eurosport France;7730
2005;Public Sénat;7596
2005;Seasons;7508
2005;France 4;7073
2005;La chaine parlementaire Assemblée Nationale;6992
2005;Direct 8;6492
2005;Teva;6055
2005;Sport +;5752
2005;Fun TV;5496
2005;NRJ 12;4617
2005;W9;4218
2005;RFM TV;1936
2005;La chaîne Météo;1825
2005;Gulli;1815
2005;Europe 2 TV;1524
2005;Festival;1069
2005;BFM TV;420
2005;Euronews;368
2005;Al Alam News Channel;319
2005;Sahar 1;198
2005;Iqraa;169
2005;Match Tv;128
2005;Irinn;91
2005;Al Arabiya;73
2005;Sahar 2;64
2005;Al Jazeera;35
2005;Al Jazeera Children Channel;20
2005;Irib 1;9
2005;BN TV Bijeljina;8
2005;La chaîne parlementaire;3
2005;Canal + Cinéma;2
2005;Multichaînes;2
2005;Canal + Décalé;1
2005;Canal + Sport;1
2005;Divers fonds vidéo;1
2005;France O;1
2006;France 2;74054
2006;France 3;54489
2006;TF1;52423
2006;M6;39374
2006;France 5;33801
2006;Canal +;31116
2006;I>TELE;29160
2006;Télétoon;28519
2006;Canal J;27347
2006;Demain !;24121
2006;ARTE;21830
2006;TV5MONDE;17781
2006;Gulli;17601
2006;Mangas;17329
2006;Chasse et pêche;16214
2006;AB1;16057
2006;La Chaîne Info;15534
2006;NT1;13028
2006;Série Club;12738
2006;Encyclopedia;12569
2006;Canal Jimmy;10846
2006;Equidia;10714
2006;Animaux;10411
2006;Monte Carlo TMC;10330
2006;histoire;10118
2006;Europe 2 TV;9889
2006;Planète;9796
2006;Escales;9761
2006;Paris Première;9755
2006;MCM;9596
2006;Direct 8;9477
2006;AB Moteurs;9283
2006;Mezzo;9165
2006;La chaine parlementaire Assemblée Nationale;9108
2006;Toute l'Histoire;8941
2006;France 4;8789
2006;Eurosport France;8048
2006;Public Sénat;7980
2006;13ème Rue;7694
2006;RTL 9;7528
2006;Seasons;7424
2006;NRJ 12;7367
2006;BBC World;6486
2006;W9;6471
2006;France 24;6388
2006;Teva;5861
2006;Sport +;5843
2006;Fun TV;5594
2006;BFM TV;4896
2006;TF6;4108
2006;CNN International;3611
2006;TPS Star;2576
2006;Canal + Sport;2204
2006;La chaîne Météo;1706
2006;Euronews;365
2006;Iqraa;365
2006;Irinn;345
2006;Al Kawthar;303
2006;Al Jazeera;123
2006;Al Alam News Channel;67
2006;TV5 France Belgique Suisse;45
2006;Al Jazeera English;8
2006;La chaîne parlementaire;2
2006;Alaqsa;1
2006;Divers fonds vidéo;1
2006;Ina;1
2006;Multichaînes;1
2006;Rossiya 24;1
2007;France 24;87732
2007;France 2;73346
2007;France 3;57698
2007;TF1;53592
2007;M6;39734
2007;France 5;35641
2007;Canal +;31262
2007;I>TELE;28997
2007;Télétoon;28869
2007;Canal J;26213
2007;ARTE;24161
2007;Gulli;21845
2007;Demain !;20700
2007;BBC World;18960
2007;Chasse et pêche;18349
2007;Mangas;17209
2007;AB1;17029
2007;La Chaîne Info;16753
2007;TV5MONDE;16686
2007;France 4;13932
2007;Encyclopedia;12691
2007;NT1;12542
2007;Europe 2 TV;12163
2007;Direct 8;11456
2007;histoire;11296
2007;Animaux;11190
2007;Monte Carlo TMC;11049
2007;Paris Première;10856
2007;AB Moteurs;10722
2007;Planète;10562
2007;CNN International;10474
2007;Equidia;10212
2007;La chaine parlementaire Assemblée Nationale;10111
2007;Escales;9981
2007;Teva;9768
2007;Canal Jimmy;9680
2007;MCM;9409
2007;Série Club;8992
2007;Toute l'Histoire;8946
2007;TF6;8336
2007;NRJ 12;8034
2007;13ème Rue;8033
2007;Eurosport France;7975
2007;Mezzo;7919
2007;Public Sénat;7737
2007;TPS Star;7673
2007;Sport +;7574
2007;W9;7476
2007;RTL 9;7350
2007;Seasons;6738
2007;Canal + Sport;6358
2007;Fun TV;5659
2007;BFM TV;4796
2007;Jetix;1984
2007;Disney Chanel;1552
2007;La chaîne Météo;1460
2007;France O;1453
2007;Game one;1300
2007;Odyssée;1238
2007;Voyage;823
2007;Comédie;803
2007;Planète Justice;698
2007;Vivolta;460
2007;Al Jazeera;365
2007;Al Kawthar;365
2007;Euronews;365
2007;Irinn;365
2007;Alaqsa;259
2007;La chaîne parlementaire;183
2007;XXL;169
2007;Al Manar;57
2007;Iqraa;30
2007;Al Zawraa;20
2007;ZIK;14
2007;Canal + Family;1
2007;Divers fonds vidéo;1
2007;Multichaînes;1
2008;France 24;85246
2008;France 2;71886
2008;France 3;60028
2008;TF1;53835
2008;M6;38783
2008;France 5;34760
2008;La Chaîne Info;34175
2008;Canal +;33284
2008;Canal J;30487
2008;Gulli;29434
2008;I>TELE;28093
2008;BFM TV;25768
2008;Jetix;25205
2008;Télétoon;25036
2008;ARTE;24422
2008;Disney Chanel;21615
2008;Demain !;20865
2008;TV5MONDE;19836
2008;Chasse et pêche;19571
2008;France O;18196
2008;BBC World;17817
2008;Mangas;17490
2008;Game one;16963
2008;AB1;16861
2008;Odyssée;14963
2008;France 4;13309
2008;histoire;12779
2008;Planète;12179
2008;NT1;12067
2008;Encyclopedia;11994
2008;AB Moteurs;11551
2008;Voyage;11405
2008;Virgin 17;11196
2008;CNN International;11044
2008;Animaux;10974
2008;Monte Carlo TMC;10820
2008;Comédie;10688
2008;Direct 8;10375
2008;Escales;10256
2008;Paris Première;10220
2008;NRJ 12;9564
2008;Canal Jimmy;9451
2008;Teva;9248
2008;Toute l'Histoire;9197
2008;MCM;9113
2008;La chaine parlementaire Assemblée Nationale;9010
2008;13ème Rue;8710
2008;RTL 9;8219
2008;Equidia;8191
2008;TPS Star;8101
2008;Public Sénat;7957
2008;Eurosport France;7924
2008;W9;7878
2008;Sport +;7736
2008;Série Club;7603
2008;TF6;6602
2008;Seasons;6584
2008;Canal + Sport;6203
2008;Mezzo;6175
2008;Fun TV;5118
2008;XXL;2081
2008;La chaîne Météo;1765
2008;Canal + Family;1552
2008;Canal + Décalé;1007
2008;Le Parisien;950
2008;L'Equipe TV;703
2008;Canal + Cinéma;542
2008;Euronews;370
2008;Al Jazeera;366
2008;Al Kawthar;366
2008;Alaqsa;366
2008;Irinn;303
2008;Canal TNT locales Paris;287
2008;IDF 1;287
2008;La chaîne parlementaire;242
2008;Al Hayat;62
2008;Vivolta;23
2008;CAP 24;21
2008;Divers fonds vidéo;2
2008;Banlieue du monde;1
2008;Cinaps;1
2008;Demain TV Ile de France;1
2008;Multichaînes;1
2008;NRJ Paris;1
2008;Press TV;1
2009;France 24;95231
2009;France 2;68906
2009;France 3;60610
2009;TF1;51086
2009;BFM TV;45314
2009;La Chaîne Info;42094
2009;M6;41300
2009;I>TELE;38953
2009;Gulli;37761
2009;France 5;33934
2009;Canal J;33288
2009;Canal +;32578
2009;Télétoon;26981
2009;ARTE;25020
2009;Euronews;24891
2009;Disney Chanel;20315
2009;Demain !;19580
2009;Game one;19524
2009;France O;19215
2009;Chasse et pêche;18467
2009;TV5MONDE;18008
2009;Mangas;17694
2009;BBC World;17365
2009;Canal + Family;16093
2009;AB1;15990
2009;Odyssée;14703
2009;NT1;13617
2009;Disney XD;13420
2009;W9;13217
2009;Monte Carlo TMC;13117
2009;Infosport;12611
2009;histoire;12433
2009;CNN International;12186
2009;NRJ 12;12131
2009;Canal + Décalé;12044
2009;Voyage;11944
2009;Comédie;11869
2009;France 4;11564
2009;MCM;11142
2009;Animaux;11070
2009;AB Moteurs;10983
2009;La chaine parlementaire Assemblée Nationale;10521
2009;Encyclopedia;10154
2009;Planète;9913
2009;Toute l'Histoire;9241
2009;Direct 8;9038
2009;Paris Première;9014
2009;TPS Star;8858
2009;Virgin 17;8759
2009;Escales;8747
2009;RTL 9;8418
2009;13ème Rue;8288
2009;Public Sénat;8211
2009;Eurosport France;8137
2009;Equidia;7812
2009;Série Club;7672
2009;Teva;7175
2009;Canal Jimmy;7140
2009;TF6;6613
2009;Canal + Cinéma;6531
2009;Seasons;6350
2009;Canal + Sport;6282
2009;Sport +;6035
2009;Mezzo;5953
2009;L'Equipe TV;5362
2009;Jetix;5099
2009;XXL;2379
2009;La chaîne Météo;1825
2009;Le Parisien;1122
2009;Al Jazeera;365
2009;Al Kawthar;365
2009;Alaqsa;365
2009;Canal TNT locales Paris;365
2009;IDF 1;365
2009;Al Hayat;209
2009;La chaîne parlementaire;205
2009;Irinn;156
2009;Divers fonds vidéo;3
2009;Multichaînes;3
2009;Africa24;1
2009;La Cinquième;1
2010;Euronews;103437
2010;France 24;94386
2010;France 2;66741
2010;Gulli;61576
2010;France 3;60349
2010;TF1;51879
2010;BFM TV;40225
2010;M6;39723
2010;La Chaîne Info;38876
2010;France 5;35698
2010;Canal J;34113
2010;France 4;34110
2010;ARTE;31172
2010;Canal +;30892
2010;Télétoon;29077
2010;I>TELE;25589
2010;NRJ 12;23581
2010;NT1;23041
2010;W9;21742
2010;BBC World;21582
2010;Direct 8;20795
2010;Monte Carlo TMC;20420
2010;Game one;19888
2010;Disney Chanel;19821
2010;Disney XD;18684
2010;Chasse et pêche;18197
2010;TV5MONDE;18166
2010;France O;18051
2010;Canal + Family;17605
2010;Mangas;17159
2010;AB1;15682
2010;CNN International;13723
2010;MCM;13703
2010;Infosport;13505
2010;Canal + Décalé;12151
2010;Voyage;12117
2010;AB Moteurs;11819
2010;Odyssée;11724
2010;histoire;11437
2010;Demain !;11416
2010;Encyclopedia;11097
2010;La chaine parlementaire Assemblée Nationale;10630
2010;Comédie;10611
2010;Animaux;10574
2010;Planète;10318
2010;Toute l'Histoire;9126
2010;TPS Star;8771
2010;Eurosport France;8626
2010;Paris Première;8353
2010;Canal Jimmy;8332
2010;13ème Rue;8238
2010;RTL 9;8198
2010;Escales;8088
2010;Teva;8082
2010;Public Sénat;8033
2010;Série Club;7476
2010;Equidia;7226
2010;TF6;6830
2010;Canal + Cinéma;6829
2010;Canal + Sport;6344
2010;Seasons;6311
2010;Sport +;6039
2010;Mezzo;5838
2010;Virgin 17;5773
2010;Stylia;4822
2010;L'Equipe TV;3411
2010;Direct Star;2642
2010;XXL;1960
2010;La chaîne Météo;1825
2010;TV Breizh;1312
2010;Le Parisien;970
2010;Al Jazeera;365
2010;Canal TNT locales Paris;365
2010;IDF 1;365
2010;Alaqsa;351
2010;Irinn;350
2010;BFM BUSINESS;281
2010;Al Kawthar;195
2010;Sahar 2;170
2010;La chaîne parlementaire;114
2010;Dilemme TV;45
2010;Sahar 1;14
2010;Divers fonds vidéo;5
2010;Al Arabay TV;1
2010;Al Qarra;1
2010;Multichaines;1
2010;Multichaînes;1
2011;Euronews;101479
2011;France 24;91216
2011;France 2;67525
2011;Gulli;65830
2011;France 3;59403
2011;TF1;51014
2011;BFM TV;42469
2011;M6;38390
2011;Paris Première;38067
2011;Canal J;37871
2011;La Chaîne Info;35479
2011;Télétoon;34533
2011;France 5;33895
2011;ARTE;33629
2011;France 4;33274
2011;Canal +;31834
2011;I>TELE;26225
2011;W9;24866
2011;NT1;24587
2011;Direct Star;24362
2011;BBC World;22403
2011;Game one;22325
2011;NRJ 12;22235
2011;Monte Carlo TMC;20337
2011;Disney Chanel;19839
2011;Canal + Family;19292
2011;Chasse et pêche;18475
2011;Mangas;18384
2011;TV5MONDE;18371
2011;Disney XD;18009
2011;Direct 8;17550
2011;France O;16193
2011;Infosport;15307
2011;Stylia;15129
2011;AB1;14318
2011;MCM;13791
2011;Canal + Décalé;12924
2011;CNN International;12831
2011;AB Moteurs;11691
2011;La chaine parlementaire Assemblée Nationale;11653
2011;histoire;11645
2011;Animaux;11311
2011;Encyclopedia;11100
2011;Voyage;11054
2011;Comédie;10768
2011;Planète;10114
2011;Escales;8866
2011;Sport +;8588
2011;Toute l'Histoire;8548
2011;Eurosport France;8368
2011;13ème Rue;7973
2011;RTL 9;7890
2011;Série Club;7824
2011;Teva;7794
2011;Canal Jimmy;7764
2011;TV Breizh;7652
2011;TPS Star;7570
2011;TF6;7126
2011;Public Sénat;7122
2011;Mezzo;6870
2011;Canal + Cinéma;6766
2011;Seasons;6412
2011;Canal + Sport;6328
2011;L'Equipe TV;5252
2011;Equidia;4955
2011;XXL;2016
2011;Equidia Life;1872
2011;La chaîne Météo;1825
2011;Le Parisien;855
2011;Equidia Live;631
2011;La chaîne parlementaire;474
2011;Al Jazeera;366
2011;Al Kawthar;365
2011;Alaqsa;365
2011;BFM BUSINESS;365
2011;Canal TNT locales Paris;365
2011;IDF 1;365
2011;Al Jazeera Moubacher;207
2011;Irinn;158
2011;Al Alam News Channel;66
2011;Al Arabay TV;2
2011;El Heddaf TV;2
2011;El Sharq TV;2
2011;IctImai TV;2
2011;Truth TV;2
2011;Al Ahad TV;1
2011;Al Dardanel;1
2011;Al Nas TV;1
2011;Al Rafiden TV;1
2011;Alrahma TV;1
2011;Azhari TV;1
2011;Echorouk TV;1
2011;Press TV;1
2011;Rabia TV;1
2011;TV5 France Belgique Suisse;1
2011;Wesal Farsi TV;1
2012;Euronews;102704
2012;France 24;88286
2012;France 2;67196
2012;Gulli;58119
2012;France 3;57945
2012;TF1;50649
2012;BFM TV;44585
2012;Télétoon;43392
2012;M6;36530
2012;Canal J;36115
2012;Paris Première;34644
2012;France 5;34351
2012;La Chaîne Info;33620
2012;ARTE;33155
2012;France 4;31951
2012;Canal +;31620
2012;W9;28076
2012;NT1;26081
2012;Game one;24184
2012;NRJ 12;23651
2012;I>TELE;23362
2012;BBC World;21991
2012;Monte Carlo TMC;20658
2012;Direct Star;20083
2012;Disney XD;18919
2012;Mangas;18867
2012;TV5MONDE;18750
2012;France O;18554
2012;Canal + Family;18476
2012;Disney Chanel;18325
2012;Chasse et pêche;15829
2012;Infosport;15814
2012;AB1;15442
2012;Direct 8;14602
2012;Canal + Décalé;13851
2012;Stylia;13769
2012;CNN International;12993
2012;MCM;12565
2012;Comédie;12116
2012;AB Moteurs;11723
2012;histoire;11394
2012;Voyage;11383
2012;Sport +;11380
2012;Animaux;11372
2012;La chaine parlementaire Assemblée Nationale;11078
2012;Escales;10676
2012;Encyclopedia;10526
2012;Planète;9567
2012;Série Club;9398
2012;13ème Rue;8978
2012;Toute l'Histoire;8547
2012;Eurosport France;8395
2012;TF6;7957
2012;Teva;7917
2012;TV Breizh;7701
2012;RTL 9;7619
2012;Equidia Life;7373
2012;Public Sénat;6858
2012;Canal + Cinéma;6771
2012;Mezzo;6582
2012;Canal Jimmy;6535
2012;D17;6383
2012;Canal + Sport;6361
2012;Seasons;6157
2012;L'Equipe TV;5989
2012;D8;5362
2012;XXL;2081
2012;TPS Star;1942
2012;La chaîne Météo;1830
2012;RMC Découverte HD 24;1196
2012;6ter;1119
2012;HD1;982
2012;Le Parisien;950
2012;BeIn Sport 1;730
2012;Numéro 23;592
2012;Chérie 25;473
2012;Al Jazeera;366
2012;BFM BUSINESS;366
2012;Canal TNT locales Paris;366
2012;IDF 1;366
2012;Truth TV;306
2012;Al Jazeera Moubacher;305
2012;Al Kawthar;304
2012;Al Nas TV;293
2012;L'Equipe 21;237
2012;Sahar 1;137
2012;Al Alam News Channel;38
2012;MTV France;33
2012;Al Ahad TV;13
2012;La chaîne parlementaire;12
2012;Press TV;10
2012;Alaqsa;5
2012;Sahar 2;3
2012;Divers fonds vidéo;2
2012;Africa24;1
2012;Al Etejah;1
2012;Divers fonds audio;1
2012;Equidia Live;1
2012;Hispan TV;1
2013;France 24;95312
2013;Euronews;94706
2013;France 2;64317
2013;France 3;59068
2013;Gulli;55043
2013;Télétoon;51716
2013;TF1;49896
2013;La Chaîne Info;46353
2013;Canal J;39940
2013;BFM TV;37115
2013;France O;35795
2013;France 5;35150
2013;M6;34799
2013;ARTE;32651
2013;Paris Première;31253
2013;Canal +;30482
2013;France 4;30029
2013;W9;28755
2013;D17;27698
2013;6ter;26998
2013;NT1;25191
2013;NRJ 12;23498
2013;RMC Découverte HD 24;21687
2013;Game one;21671
2013;BBC World;21590
2013;I>TELE;21282
2013;D8;20952
2013;Canal + Family;20450
2013;Monte Carlo TMC;20342
2013;TV5MONDE;20099
2013;Mangas;19163
2013;HD1;19103
2013;Disney XD;18278
2013;Disney Chanel;16786
2013;Chasse et pêche;15433
2013;Infosport;14616
2013;AB1;14194
2013;CNN International;13642
2013;MCM;13170
2013;Canal + Décalé;12715
2013;Stylia;12458
2013;Voyage;12123
2013;La chaine parlementaire Assemblée Nationale;11927
2013;Sport +;11526
2013;histoire;11453
2013;Comédie;11079
2013;Encyclopedia;10997
2013;Animaux;10983
2013;AB Moteurs;10943
2013;Escales;10439
2013;Planète;10019
2013;13ème Rue;9883
2013;Numéro 23;9785
2013;Chérie 25;9080
2013;Toute l'Histoire;8792
2013;Equidia Life;8394
2013;TF6;8227
2013;Eurosport France;8176
2013;Série Club;7964
2013;Teva;7848
2013;TV Breizh;7761
2013;Public Sénat;7570
2013;Canal + Cinéma;7364
2013;RTL 9;7358
2013;Canal Jimmy;6806
2013;Mezzo;6392
2013;Canal + Sport;6343
2013;Seasons;6133
2013;L'Equipe 21;4970
2013;Canal + Séries;3844
2013;XXL;2050
2013;La chaîne Météo;1825
2013;Le Parisien;1415
2013;Al Jazeera;365
2013;BFM BUSINESS;365
2013;BeIn Sport 1;365
2013;Canal TNT locales Paris;365
2013;IDF 1;365
2013;Africa24;220
2013;Al Etejah;214
2013;Press TV;181
2013;Al Alam News Channel;122
2013;Al Ahad TV;78
2013;Al Qarra;73
2013;Truth TV;45
2013;Al Kawthar;13
2013;Divers fonds vidéo;3
2013;La chaîne parlementaire;2
2013;I24 News;1
2014;France 24;97622
2014;La Chaîne Info;62908
2014;France 2;61436
2014;Euronews;59353
2014;France 3;58682
2014;Gulli;53015
2014;Télétoon;49168
2014;TF1;48320
2014;France 4;45048
2014;France O;42094
2014;BFM TV;36727
2014;France 5;35240
2014;Canal J;34715
2014;M6;34061
2014;ARTE;31992
2014;Canal +;30715
2014;W9;29196
2014;Paris Première;28462
2014;Game one;26744
2014;D17;25472
2014;6ter;25421
2014;NRJ 12;22488
2014;NT1;21830
2014;BBC World;21654
2014;Mangas;21636
2014;TV5MONDE;21370
2014;Monte Carlo TMC;20463
2014;I>TELE;19931
2014;Canal + Family;19901
2014;D8;19455
2014;Disney XD;19075
2014;HD1;18943
2014;RMC Découverte HD 24;18618
2014;Numéro 23;16709
2014;Disney Chanel;16668
2014;Chasse et pêche;15842
2014;AB1;14360
2014;CNN International;13690
2014;Canal + Séries;13575
2014;Stylia;13523
2014;Comédie;13269
2014;MCM;13235
2014;histoire;11932
2014;Voyage;11701
2014;Encyclopedia;11362
2014;Canal + Décalé;11123
2014;Sport +;11107
2014;AB Moteurs;10864
2014;Animaux;10702
2014;La chaine parlementaire Assemblée Nationale;10647
2014;Planète;9870
2014;Escales;9596
2014;TF6;9549
2014;13ème Rue;8952
2014;Série Club;8528
2014;Chérie 25;8430
2014;Toute l'Histoire;8421
2014;Eurosport France;8206
2014;TV Breizh;8102
2014;RTL 9;7983
2014;Infosport;7810
2014;Canal Jimmy;7586
2014;Canal + Cinéma;7270
2014;Teva;7235
2014;Canal + Sport;7194
2014;Public Sénat;7092
2014;L'Equipe 21;6290
2014;Mezzo;6232
2014;Seasons;6037
2014;Equidia Life;5968
2014;XXL;2532
2014;Le Parisien;2531
2014;La chaîne Météo;1825
2014;Al Jazeera;365
2014;BFM BUSINESS;365
2014;BeIn Sport 1;365
2014;Canal TNT locales Paris;365
2014;IDF 1;365
2014;Iqraa;227
2014;Al Etejah;223
2014;Al aqsa Eutelsat 7°W;222
2014;Al Arabiya;141
2014;Azhari TV;141
2014;Africa24;134
2014;Al Rafiden TV;118
2014;Rossiya 24;52
2014;RTR Planeta;51
2014;Echorouk TV;31
2014;El Heddaf TV;31
2014;IctImai TV;30
2014;I24 News;26
2014;Wesal Farsi TV;8
2014;La chaîne parlementaire;6
2014;TV5 France Belgique Suisse;4
2014;Al Arabay TV;2
2014;El Sharq TV;1
2015;France 24;92043
2015;France 3;59172
2015;France 2;56856
2015;Euronews;54765
2015;La Chaîne Info;53420
2015;Gulli;51857
2015;France O;48938
2015;France 4;47684
2015;TF1;46132
2015;Télétoon;44054
2015;BFM TV;36588
2015;France 5;35051
2015;M6;32915
2015;Canal J;32659
2015;ARTE;30630
2015;W9;29365
2015;Canal +;29357
2015;Paris Première;29154
2015;6ter;28383
2015;Game one;26104
2015;D17;24671
2015;TV5MONDE;23040
2015;Mangas;22108
2015;BBC World;21495
2015;HD1;20077
2015;Disney XD;19903
2015;NT1;19873
2015;Monte Carlo TMC;19851
2015;I>TELE;19612
2015;RMC Découverte HD 24;19016
2015;NRJ 12;18660
2015;Canal + Family;18642
2015;D8;18345
2015;Disney Chanel;18112
2015;Numéro 23;17842
2015;Chasse et pêche;16612
2015;AB1;13942
2015;Canal + Séries;13519
2015;CNN International;13127
2015;Animaux;12793
2015;MCM;12666
2015;Voyage;12175
2015;histoire;11964
2015;Chérie 25;11501
2015;AB Moteurs;10928
2015;Canal + Décalé;10908
2015;Comédie;10686
2015;La chaine parlementaire Assemblée Nationale;10233
2015;Planète;10021
2015;Trek;10007
2015;13ème Rue;9305
2015;RTL 9;9189
2015;Eurosport France;8388
2015;Toute l'Histoire;8135
2015;Science & Vie TV;8118
2015;TV Breizh;8090
2015;Canal + Cinéma;7721
2015;Public Sénat;7685
2015;Série Club;7562
2015;Teva;7436
2015;Canal + Sport;7357
2015;Equidia Life;7010
2015;Mezzo;6513
2015;Seasons;6390
2015;L'Equipe 21;6294
2015;Infosport;4513
2015;Sport +;4440
2015;Canal Jimmy;3883
2015;Le Parisien;2811
2015;XXL;2663
2015;Encyclopedia;2623
2015;La chaîne Météo;1825
2015;Escales;730
2015;Al Jazeera;365
2015;Al Rafiden TV;365
2015;BFM BUSINESS;365
2015;Canal TNT locales Paris;365
2015;IDF 1;365
2015;Al aqsa Eutelsat 7°W;300
2015;Azhari TV;300
2015;Al Arabay TV;263
2015;Al Thawra;240
2015;El Sharq TV;199
2015;BeIn Sport 1;151
2015;Echorouk TV;86
2015;Rabia TV;84
2015;Echourouk News TV;61
2015;Ennahar TV;61
2015;Rossiya 24;61
2015;Misr Al Aan TV;53
2015;Oromia Media Network;47
2015;Al Arabiya;36
2015;Iqraa;34
2015;La chaîne parlementaire;19
2015;Stylia;8
2015;TF6;8
2015;Divers fonds vidéo;5
2016;France 24;82268
2016;La Chaîne Info;78402
2016;France O;68826
2016;France 3;58525
2016;France 2;54673
2016;BFM TV;52179
2016;Gulli;51133
2016;I>TELE;48626
2016;France 4;46139
2016;TF1;45503
2016;Télétoon;44070
2016;Euronews;34642
2016;France 5;33588
2016;Canal J;33294
2016;M6;32905
2016;Disney XD;31954
2016;ARTE;30695
2016;Paris Première;29767
2016;Disney Chanel;28214
2016;W9;27758
2016;Canal +;26161
2016;6ter;25028
2016;TV5MONDE;23167
2016;Mangas;22085
2016;BBC World;21239
2016;Chérie 25;20430
2016;Game one;19719
2016;Monte Carlo TMC;19555
2016;NT1;19503
2016;HD1;19484
2016;RMC Découverte HD 24;19393
2016;NRJ 12;19000
2016;Canal + Family;18913
2016;D17;18610
2016;Numéro 23;17467
2016;Chasse et pêche;15932
2016;AB1;14766
2016;MCM;14535
2016;D8;13959
2016;Animaux;13776
2016;Canal + Séries;13220
2016;CNN International;13181
2016;Canal + Décalé;12312
2016;Trek;11839
2016;Science & Vie TV;11129
2016;Voyage;11126
2016;AB Moteurs;11070
2016;franceinfo:;10325
2016;histoire;10280
2016;Comédie;10088
2016;Planète;9742
2016;La chaine parlementaire Assemblée Nationale;9440
2016;CStar;9343
2016;13ème Rue;9324
2016;RTL 9;9257
2016;Eurosport France;8966
2016;Toute l'Histoire;8252
2016;TV Breizh;8173
2016;Canal + Cinéma;7647
2016;Teva;7592
2016;Série Club;7283
2016;Public Sénat;7255
2016;Equidia Life;7199
2016;Mezzo;6887
2016;Canal + Sport;6787
2016;Seasons;6449
2016;C8;6399
2016;L'Equipe 21;6100
2016;Infosport;5648
2016;Le Parisien;2647
2016;XXL;2622
2016;La chaîne Météo;1895
2016;Al Jazeera;366
2016;Al Rafiden TV;366
2016;BFM BUSINESS;366
2016;El Sharq TV;366
2016;Canal TNT locales Paris;359
2016;IDF 1;359
2016;Echourouk News TV;139
2016;Ennahar TV;138
2016;Rossiya 24;138
2016;Echorouk TV;91
2016;AL Magharibia;67
2016;Al Thawra;53
2016;CAX matériel;4
2016;La chaîne parlementaire;4
2016;Divers fonds vidéo;1
2016;Multichaines;1
2017;BFM TV;96448
2017;La Chaîne Info;80034
2017;France 24;77737
2017;France O;67637
2017;France 3;58263
2017;France 2;54067
2017;CNews;52884
2017;Gulli;50921
2017;France 4;46291
2017;TF1;45487
2017;Télétoon;43633
2017;Canal J;37356
2017;Disney XD;35880
2017;Paris Première;34212
2017;France 5;33194
2017;ARTE;32028
2017;M6;30954
2017;franceinfo:;28436
2017;CStar;28306
2017;Disney Chanel;28210
2017;Canal +;27780
2017;W9;27607
2017;C8;23690
2017;TV5MONDE;23107
2017;Mangas;22135
2017;Game one;22036
2017;6ter;21637
2017;BBC World;20885
2017;Chérie 25;20852
2017;Monte Carlo TMC;20838
2017;RMC Découverte HD 24;20187
2017;NT1;19962
2017;NRJ 12;19703
2017;HD1;19565
2017;Canal + Family;19498
2017;Euronews;19296
2017;France 24 version anglaise;16355
2017;Numéro 23;15640
2017;MCM;15487
2017;AB1;14859
2017;Canal + Décalé;14499
2017;Chasse et pêche;14214
2017;Animaux;14046
2017;Science & Vie TV;13292
2017;Canal + Séries;13086
2017;CNN International;12124
2017;Trek;12066
2017;AB Moteurs;11006
2017;Comédie;10878
2017;La chaine parlementaire Assemblée Nationale;10770
2017;histoire;10743
2017;Planète;9591
2017;I>TELE;9547
2017;Voyage;9487
2017;Toute l'Histoire;9048
2017;13ème Rue;8931
2017;RTL 9;8603
2017;Eurosport France;8407
2017;Canal + Cinéma;7832
2017;Série Club;7538
2017;Public Sénat;7318
2017;Teva;7283
2017;TV Breizh;7100
2017;Seasons;7064
2017;Mezzo;6932
2017;Equidia Life;6680
2017;Canal + Sport;6650
2017;L'Equipe 21;5889
2017;Infosport;5090
2017;La chaîne Météo;3145
2017;XXL;2750
2017;Le Parisien;1733
2017;Al Jazeera;365
2017;BFM BUSINESS;365
2017;Canal TNT locales Paris;365
2017;IDF 1;365
2017;AL Magharibia;318
2017;El Sharq TV;270
2017;Al Rafiden TV;269
2017;Yemen TV;234
2017;Russia Today France;13
2017;CAX matériel;12
2017;Virdys;10
2017;La chaîne parlementaire;7
2017;El Heddaf TV;1
2017;Russia Today France (RT France);1
2018;BFM TV;95617
2018;La Chaîne Info;87240
2018;France 24;62000
2018;France O;57434
2018;Gulli;56099
2018;France 24 version anglaise;55867
2018;France 3;55652
2018;France 2;53074
2018;TF1;46401
2018;France 4;45792
2018;Télétoon;42300
2018;Canal J;34937
2018;France 5;32960
2018;Paris Première;32300
2018;M6;31476
2018;ARTE;31241
2018;Disney Chanel;30012
2018;W9;27324
2018;franceinfo:;27258
2018;CStar;27225
2018;Canal +;27129
2018;Disney XD;25263
2018;C8;23731
2018;6ter;23725
2018;Game one;22778
2018;TV5MONDE;22342
2018;CNews;21297
2018;Mangas;21076
2018;MCM;21066
2018;BBC World;21009
2018;Monte Carlo TMC;20434
2018;RMC Découverte HD 24;19958
2018;TFX;19937
2018;NRJ 12;19405
2018;Chérie 25;18238
2018;Canal + Family;18083
2018;TF1 Séries Films;17770
2018;Euronews;17276
2018;Chasse et pêche;15095
2018;AB1;14315
2018;Canal + Décalé;13777
2018;Animaux;13464
2018;Science & Vie TV;13120
2018;Canal + Séries;12828
2018;Comédie;12308
2018;Trek;12065
2018;CNN International;11353
2018;Toute l'Histoire;10693
2018;Numéro 23;10096
2018;histoire;9810
2018;La chaine parlementaire Assemblée Nationale;9780
2018;Planète;9611
2018;Voyage;9537
2018;AB Moteurs;9445
2018;Public Sénat;9292
2018;Canal + Cinéma;8383
2018;Eurosport France;8295
2018;RTL 9;8285
2018;Seasons;7800
2018;Teva;7672
2018;TV Breizh;7156
2018;Mezzo;7007
2018;Série Club;6759
2018;Canal + Sport;6512
2018;L'Equipe 21;5678
2018;RMC Story;5113
2018;Infosport;4281
2018;La chaîne Météo;2735
2018;XXL;2702
2018;13ème Rue;2227
2018;Automoto La chaine;1671
2018;NT1;1632
2018;Le Parisien;1351
2018;HD1;1350
2018;Al Jazeera;365
2018;BFM BUSINESS;365
2018;Canal TNT locales Paris;365
2018;IDF 1;365
2018;Russia Today France;365
2018;Yemen TV;365
2018;AL Magharibia;232
2018;Russia Today France (RT France);174
2018;CAX matériel;12
2018;Multichaines;4
2019;BFM TV;92720
2019;La Chaîne Info;78981
2019;France 24;57104
2019;France 3;54400
2019;Gulli;52401
2019;France 2;52305
2019;France O;49354
2019;France 24 version anglaise;48263
2019;France 4;46719
2019;TF1;45866
2019;Télétoon;39526
2019;France 5;33441
2019;M6;33301
2019;Canal J;33148
2019;Paris Première;31967
2019;ARTE;31183
2019;Disney Chanel;29249
2019;franceinfo:;28994
2019;CStar;27235
2019;W9;26734
2019;Canal +;25031
2019;C8;24753
2019;TFX;23814
2019;6ter;22463
2019;Comédie;22237
2019;Mangas;22150
2019;Disney XD;21419
2019;Game one;21328
2019;BBC World;21308
2019;TV5MONDE;21222
2019;Monte Carlo TMC;20967
2019;MCM;20855
2019;Canal + Family;19884
2019;RMC Découverte HD 24;19840
2019;NRJ 12;19545
2019;RMC Story;19341
2019;TF1 Séries Films;19104
2019;Euronews;17021
2019;Chérie 25;16431
2019;Chasse et pêche;14885
2019;AB1;14406
2019;Animaux;13510
2019;Canal + Séries;12859
2019;Science & Vie TV;12838
2019;Canal + Décalé;12678
2019;Trek;12188
2019;CNN International;10942
2019;Automoto La chaine;10739
2019;Public Sénat;10397
2019;Planète;9710
2019;Toute l'Histoire;9550
2019;histoire;9480
2019;Voyage;9188
2019;RTL 9;8661
2019;La chaine parlementaire Assemblée Nationale;8385
2019;Eurosport France;8035
2019;Seasons;7970
2019;Série Club;7575
2019;TV Breizh;7510
2019;13ème Rue;7371
2019;Canal + Cinéma;7353
2019;Teva;7187
2019;Mezzo;6880
2019;Canal + Sport;6818
2019;L'Equipe 21;6232
2019;CNews;5085
2019;Infosport;4088
2019;XXL;2799
2019;La chaîne Météo;2086
2019;Le Parisien;881
2019;Al Jazeera;365
2019;BFM BUSINESS;365
2019;Canal TNT locales Paris;365
2019;IDF 1;365
2019;Russia Today France (RT France);365
2019;Yemen TV;365
2019;Russia Today France;276
2019;Press TV;259
2019;CAX matériel;12
2019;Multichaînes;3
2019;Multichaines;2
2019;Al aqsa Eutelsat 7°W;1
2019;La chaîne parlementaire;1
2020;BFM TV;104141
2020;La Chaîne Info;92282
2020;France 24;59475
2020;Gulli;54006
2020;France 2;51602
2020;France 3;50824
2020;TF1;48619
2020;France 4;46769
2020;CNews;44289
2020;France 24 version anglaise;44188
2020;franceinfo:;43558
2020;Télétoon;42183
2020;M6;38263
2020;France 5;36722
2020;Paris Première;34071
2020;Canal J;33542
2020;France O;33299
2020;ARTE;29697
2020;W9;25499
2020;Disney Chanel;25428
2020;TFX;24663
2020;C8;23667
2020;Canal +;23374
2020;CStar;23288
2020;Game one;23124
2020;6ter;22216
2020;Mangas;21625
2020;Euronews;21005
2020;RMC Découverte HD 24;20848
2020;Monte Carlo TMC;20757
2020;Chérie 25;20362
2020;NRJ 12;20134
2020;TF1 Séries Films;19844
2020;TV5MONDE;19587
2020;BBC World;19040
2020;Canal + Family;18507
2020;RMC Story;18362
2020;MCM;18233
2020;Comédie;17370
2020;AB1;14646
2020;Chasse et pêche;14074
2020;Animaux;13315
2020;Science & Vie TV;11914
2020;Canal + Décalé;11879
2020;Trek;11605
2020;Automoto La chaine;11451
2020;RTL 9;10929
2020;Canal + Séries;10662
2020;Voyage;9896
2020;Planète;9459
2020;Toute l'Histoire;9397
2020;histoire;9053
2020;CNN International;8623
2020;Série Club;8482
2020;Eurosport France;7996
2020;TV Breizh;7765
2020;Public Sénat;7682
2020;La chaine parlementaire Assemblée Nationale;7679
2020;Seasons;7578
2020;Teva;7550
2020;Mezzo;7220
2020;L'Equipe 21;6599
2020;Canal + Sport;6476
2020;Canal + Cinéma;6340
2020;Disney XD;6100
2020;#Alamaison;4901
2020;Infosport;3574
2020;XXL;2902
2020;La chaîne Météo;2093
2020;Le Parisien;463
2020;KTO;452
2020;Al Jazeera;366
2020;BFM BUSINESS;366
2020;Canal TNT locales Paris;366
2020;IDF 1;366
2020;Press TV;366
2020;Russia Today France (RT France);366
2020;Yemen TV;366
2020;Al Jazeera English;45
2020;TRT World;45
2020;TRT 1;35
2020;TRT Türk;14
2020;CAX matériel;12
2020;Cinaps;1
2021;BFM TV;88312
2021;La Chaîne Info;84897
2021;franceinfo:;67410
2021;France 24;60185
2021;France 2;56680
2021;Gulli;52101
2021;CNews;51880
2021;France 24 version anglaise;49294
2021;France 3;48641
2021;TF1;46384
2021;Télétoon;41837
2021;France 4;41152
2021;Euronews;38776
2021;France 5;38294
2021;M6;38044
2021;Paris Première;34869
2021;Canal J;33356
2021;ARTE;29803
2021;W9;27921
2021;Disney Chanel;24872
2021;TFX;24794
2021;6ter;24727
2021;C8;24443
2021;CStar;24050
2021;Canal +;23620
2021;Game one;22749
2021;Mangas;21752
2021;TV5MONDE;21474
2021;NRJ 12;20617
2021;RMC Découverte HD 24;20452
2021;TF1 Séries Films;20283
2021;Monte Carlo TMC;20137
2021;BBC World;20103
2021;Chérie 25;19464
2021;RMC Story;18140
2021;MCM;17864
2021;AB1;14220
2021;Chasse et pêche;13612
2021;Comédie;13498
2021;Animaux;12927
2021;Canal + Séries;12016
2021;Science & Vie TV;11536
2021;Canal + Family;11369
2021;Trek;11309
2021;Canal + Décalé;11072
2021;Automoto La chaine;11070
2021;CNN International;9784
2021;Planète;9380
2021;Toute l'Histoire;9281
2021;Public Sénat;9069
2021;histoire;9068
2021;RTL 9;8456
2021;Eurosport France;8323
2021;Série Club;7843
2021;TV Breizh;7519
2021;Seasons;7296
2021;La chaine parlementaire Assemblée Nationale;7292
2021;Teva;7233
2021;Canal + Sport;6886
2021;Mezzo;6851
2021;CultureBox;6783
2021;L'Equipe 21;6557
2021;Canal + Cinéma;6390
2021;Infosport;3423
2021;XXL;2694
2021;La chaîne Météo;2087
2021;Canal + Kids;1792
2021;KTO;730
2021;Al Jazeera;365
2021;Al Jazeera English;365
2021;BFM BUSINESS;365
2021;Canal TNT locales Paris;365
2021;IDF 1;365
2021;Press TV;365
2021;Russia Today France (RT France);365
2021;CGTN;304
2021;RMC Sport 1;292
2021;RMC Sport 2;292
2021;CGTN Français;267
2021;CCTV4;242
2021;TRT World;231
2021;DW-TV;179
2021;TRT Arabi;136
2021;Yemen TV;99
2021;TRT Türk;62
2021;CAX matériel;12
2021;Multichaines;4
2021;Le Parisien;2
2022;La Chaîne Info;78994
2022;BFM TV;77567
2022;franceinfo:;72624
2022;France 2;63390
2022;France 24;58211
2022;CNews;52583
2022;France 3;50249
2022;Gulli;49271
2022;France 24 version anglaise;45997
2022;TF1;45764
2022;Télétoon;41277
2022;France 5;38649
2022;M6;38565
2022;Euronews;37878
2022;Canal J;35391
2022;Paris Première;34621
2022;France 4;29522
2022;ARTE;28789
2022;CStar;26878
2022;Disney Chanel;26840
2022;W9;26649
2022;NRJ 12;25743
2022;C8;25422
2022;TFX;25381
2022;6ter;24461
2022;Game one;22851
2022;Mangas;22418
2022;Monte Carlo TMC;21281
2022;Canal +;21169
2022;BBC World;21146
2022;TV5MONDE;20547
2022;RMC Découverte HD 24;20290
2022;TF1 Séries Films;20124
2022;Chérie 25;19677
2022;RMC Story;16336
2022;AB1;15202
2022;Canal + Séries;15143
2022;MCM;14536
2022;Comédie;13537
2022;Chasse et pêche;12662
2022;Trek;12491
2022;Animaux;11912
2022;Science & Vie TV;11106
2022;Automoto La chaine;10772
2022;CNN International;10047
2022;Public Sénat;9346
2022;Toute l'Histoire;9277
2022;Planète;9122
2022;histoire;8800
2022;RTL 9;8292
2022;La chaine parlementaire Assemblée Nationale;8291
2022;Eurosport France;8173
2022;Seasons;7624
2022;TV Breizh;7579
2022;Série Club;7380
2022;L'Equipe 21;7158
2022;Mezzo;6936
2022;Canal + Sport;6662
2022;Teva;6627
2022;Canal + Cinéma;6441
2022;Canal + Décalé;5712
2022;CultureBox;3817
2022;XXL;2784
2022;Infosport;2738
2022;La chaîne Météo;2085
2022;Canal+ Sport 360;1804
2022;KTO;695
2022;Al Jazeera;365
2022;BFM BUSINESS;365
2022;Canal TNT locales Paris;365
2022;IDF 1;365
2022;Russia Today France (RT France);330
2022;Al Jazeera English;120
2022;CGTN;120
2022;CGTN Français;120
2022;Press TV;120
2022;TRT World;120
2022;CCTV4;119
2022;RMC Sport 1;31
2022;RMC Sport 2;31
2022;CAX matériel;12
2022;La chaîne parlementaire;5
2023;franceinfo:;68425
2023;BFM TV;67776
2023;France 2;61531
2023;France 24;56801
2023;La Chaîne Info;52336
2023;Gulli;50272
2023;France 3;47682
2023;France 24 version anglaise;46456
2023;TF1;45398
2023;CNews;41862
2023;Télétoon;41790
2023;France 5;40839
2023;M6;40458
2023;Euronews;39157
2023;Paris Première;37545
2023;Disney Chanel;31971
2023;Canal J;30178
2023;NRJ 12;28769
2023;France 4;28080
2023;ARTE;28035
2023;W9;27004
2023;TFX;26193
2023;6ter;25076
2023;Game one;24656
2023;C8;23798
2023;CStar;23381
2023;Mangas;22527
2023;Monte Carlo TMC;21806
2023;BBC World;21085
2023;Canal +;20902
2023;RMC Découverte HD 24;19992
2023;Chérie 25;19516
2023;TF1 Séries Films;19267
2023;TV5MONDE;18379
2023;RMC Story;16516
2023;Canal + Séries;15372
2023;Chasse et pêche;13820
2023;AB1;13621
2023;Trek;12449
2023;Animaux;12331
2023;MCM;12141
2023;Comédie;12043
2023;RTL 9;10951
2023;Automoto La chaine;10566
2023;CNN International;10462
2023;Science & Vie TV;10188
2023;Toute l'Histoire;9434
2023;Canal+ Sport 360;9374
2023;Planète;9218
2023;histoire;9039
2023;Eurosport France;7572
2023;TV Breizh;7560
2023;Mezzo;7491
2023;Seasons;7468
2023;La chaine parlementaire Assemblée Nationale;7426
2023;Série Club;7389
2023;Teva;7179
2023;L'Equipe 21;7072
2023;Public Sénat;6983
2023;Canal + Sport;6026
2023;Canal + Cinéma;5955
2023;CultureBox;3632
2023;XXL;2823
2023;Infosport;2724
2023;La chaîne Météo;2085
2023;Al Jazeera;365
2023;BFM BUSINESS;365
2023;Canal TNT locales Paris;365
2023;KTO;365
2023;20 Minutes TV;288
2023;Le Figaro TV Ile de France;259
2023;IDF 1;77
2023;CLPRESS;4
2023;Multichaines;1
2023;Multichaînes;1
2024;France 2;63133
2024;Gulli;51571
2024;France 24;48312
2024;TF1;48035
2024;BFM TV;46504
2024;France 24 version anglaise;42204
2024;M6;41991
2024;Télétoon;40774
2024;France 3;40566
2024;France 5;40440
2024;La Chaîne Info;39988
2024;Euronews;36394
2024;TFX;34022
2024;Canal J;33235
2024;Disney Chanel;32528
2024;CNews;32424
2024;ARTE;28304
2024;France 4;28145
2024;W9;27822
2024;6ter;25173
2024;NRJ 12;25072
2024;Game one;23486
2024;CStar;23074
2024;Mangas;22809
2024;C8;22509
2024;Canal +;21340
2024;Monte Carlo TMC;20873
2024;BBC World;20766
2024;TF1 Séries Films;19755
2024;RMC Découverte HD 24;19669
2024;Chérie 25;18990
2024;TV5MONDE;18227
2024;RMC Story;17972
2024;franceinfo:;16786
2024;Canal + Séries;15589
2024;Chasse et pêche;14153
2024;Comédie;13709
2024;AB1;13528
2024;Paris Première;13524
2024;Animaux;12302
2024;Mezzo;12099
2024;RTL 9;11864
2024;MCM;11286
2024;CNN International;11123
2024;Trek;10971
2024;Canal+ Sport 360;9777
2024;histoire;9717
2024;Science & Vie TV;9615
2024;Automoto La chaine;9266
2024;Toute l'Histoire;9157
2024;Planète;9139
2024;La chaine parlementaire Assemblée Nationale;8537
2024;Seasons;8183
2024;TV Breizh;7675
2024;Série Club;7400
2024;Teva;7207
2024;Eurosport France;7137
2024;Canal + Sport;6494
2024;L'Equipe 21;6214
2024;Canal + Cinéma;5724
2024;Public Sénat;5169
2024;CultureBox;3412
2024;france.tv Paris 2024;3345
2024;Infosport;2784
2024;XXL;2686
2024;La chaîne Météo;2092
2024;20 Minutes TV;366
2024;Al Jazeera;366
2024;BFM BUSINESS;366
2024;Canal TNT locales Paris;366
2024;KTO;366
2024;Le Figaro TV Ile de France;366
2024;CLPRESS;12
2025;France 2;65217
2025;Gulli;48326
2025;France 24;43176
2025;Télétoon;42384
2025;France 24 version anglaise;42241
2025;BFM TV;40541
2025;France 5;40036
2025;TF1;38502
2025;M6;37235
2025;France 3;36887
2025;La Chaîne Info;36035
2025;France 4;34626
2025;Euronews;33088
2025;TFX;31179
2025;W9;28598
2025;ARTE;25589
2025;CNews;25210
2025;6ter;24511
2025;Game one;24391
2025;CStar;22863
2025;Monte Carlo TMC;22269
2025;Mangas;21771
2025;Canal J;21767
2025;TF1 Séries Films;21398
2025;RMC Story;20630
2025;BBC World;20186
2025;Canal +;19556
2025;TV5MONDE;18315
2025;RMC Découverte HD 24;17882
2025;Comédie;14358
2025;Chasse et pêche;13833
2025;AB1;13412
2025;Chérie 25;13061
2025;Canal + Séries;12856
2025;Animaux;12017
2025;RTL 9;11272
2025;Trek;11241
2025;CNN International;11099
2025;MCM;10960
2025;Mezzo;10960
2025;histoire;10337
2025;Canal+ Sport 360;9891
2025;La chaine parlementaire Assemblée Nationale;9887
2025;Science & Vie TV;9468
2025;Automoto La chaine;9185
2025;Planète;9004
2025;Seasons;8546
2025;Toute l'Histoire;8495
2025;Série Club;7727
2025;Teva;7555
2025;TV Breizh;7512
2025;T18;7509
2025;Eurosport France;6781
2025;Paris Première;6670
2025;Canal + Sport;6285
2025;L'Equipe 21;5957
2025;Canal + Cinéma;5531
2025;NOVO19;4555
2025;RMC Life;4148
2025;NRJ 12;3744
2025;C8;3647
2025;XXL;2760
2025;Infosport;2615
2025;Public Sénat;2278
2025;La chaîne Météo;2086
2025;CultureBox;1293
2025;20 Minutes TV;365
2025;Al Jazeera;365
2025;BFM BUSINESS;365
2025;Canal TNT locales Paris;365
2025;KTO;365
2025;Le Figaro TV Ile de France;365
2025;france.tv Roland Garros 2025;286
2025;Disney Chanel;89
2025;franceinfo:;84
2025;CLPRESS;3
2025;LT1 matériel;1
